{
  "model": "Qwen2.5-Coder-32B",
  "batch_results": [
    {
      "batch_size": 1,
      "avg_latency_sec": 0.015746927261352538,
      "p95_latency_sec": 0.01607093811035156,
      "throughput_tasks_per_sec": 63.50445286264108,
      "iterations": 5
    },
    {
      "batch_size": 2,
      "avg_latency_sec": 0.014749479293823243,
      "p95_latency_sec": 0.017297005653381346,
      "throughput_tasks_per_sec": 135.59800723524904,
      "iterations": 5
    },
    {
      "batch_size": 4,
      "avg_latency_sec": 0.01571974754333496,
      "p95_latency_sec": 0.018292689323425294,
      "throughput_tasks_per_sec": 254.4570126824948,
      "iterations": 5
    }
  ]
}